PDB,Mutation,prediction,label
1ACB,I:L38D,4.3904924,6.866746
1ACB,I:L38E,3.0573463,6.646428
1ACB,I:L38G,2.94485,6.1180687
1ACB,I:L38I,2.5550766,4.2901506
1ACB,I:L38P,6.2587166,6.9490676
1ACB,I:L38S,2.022177,5.0208483
1CSO,I:I13L,1.1279871,-4.481256
1CT0,I:S13L,1.0558501,-4.158235
1CT2,I:T13L,1.0509,-3.2047203
1CT4,I:V13L,1.1192611,-3.0401776
1GL0,I:M28K,0.989515,-0.56959
1GL1,I:L29V,2.23534,4.259237
1HE8,A:K80V,1.0620509,0.47535175
1KAC,A:P15S,1.9672586,-0.7933806
1KAC,A:S87Y,1.7693559,-1.2527592
1P69,A:S15P,1.8525655,0.0
1P6A,A:Y87S,1.8036586,0.0
1S1Q,A:D44A,0.7983138,0.96552116
1S1Q,A:F42A,0.7423255,0.19934364
1S1Q,A:F86A,0.7533985,0.77525043
1S1Q,A:N43A,0.7585822,1.2319692
1S1Q,A:V41A,0.7603618,0.6707527
1S1Q,A:W73A,0.7771761,0.2807825
1SGD,I:D13L,1.0277627,-5.6686587
1SGE,I:E13L,1.0371639,-5.982758
1SGN,I:N13L,1.0669761,-3.399817
1SGP,I:A13L,1.0654905,-2.9891605
1SGQ,I:G13L,1.0169042,-5.0034957
1SGY,I:Y13L,1.0869135,-1.6760064
2A9K,B:G55D,0.9044542,2.3176858
2B42,A:H357A,2.346488,1.6384584
2B42,A:H357K,2.3277774,2.567788
2B42,A:H357Q,2.3303297,1.0761156
2J1K,C:G10D,1.0017419,0.1837519
2J1K,C:R24A,1.0739949,0.76484615
2NU0,I:W13L,1.1335076,-1.865208
2NU1,I:H13L,1.1060337,-1.7138757
2NU2,I:R13L,1.2334883,-3.3669553
2NU4,I:K13L,1.1404529,-3.182076
2SGP,I:P13L,0.9941074,-8.445845
2SGQ,I:Q13L,1.0611621,-2.603541
3BK3,C:A37R,2.207807,1.3827282
3BK3,C:I19A,2.625077,0.48639154
3BK3,C:I19R,2.7370598,0.42397052
3BK3,C:I22A,2.4083562,1.3077044
3BK3,C:I22R,2.547895,2.1215649
3BK3,C:I28A,2.4310584,1.261516
3BK3,C:I28R,2.44199,1.1755025
3BK3,C:I3A,2.0586812,1.038654
3BK3,C:I3R,2.0749614,0.65087503
3BK3,C:L2A,2.050216,0.0
3BK3,C:L2R,1.9950866,0.026335536
3BK3,C:T4P,1.963429,0.48639154
3BK3,C:T6P,2.1616476,1.7430197
3BP8,C:A51F,1.6289345,0.61549425
3BP8,A:F115A,1.5922853,0.7089873
3SGB,I:A9C,0.48682612,0.04153655
3SGB,I:A9D,4.271582,0.47637805
3SGB,I:A9E,3.7978842,0.6714747
3SGB,I:A9F,0.27503258,-1.1806399
3SGB,I:A9G,2.4971015,2.4864664
3SGB,I:A9H,2.2613013,-0.4531886
3SGB,I:A9I,0.06919828,-0.4531886
3SGB,I:A9K,3.144598,2.491424
3SGB,I:A9L,0.8938147,0.16878061
3SGB,I:A9M,1.2142005,0.08895801
3SGB,I:A9N,2.7123137,-0.08912445
3SGB,I:A9P,3.3721335,0.55270535
3SGB,I:A9Q,2.3706548,0.43018958
3SGB,I:A9R,2.6403694,2.0356457
3SGB,I:A9S,2.2237017,0.9109825
3SGB,I:A9T,2.0217564,0.33107248
3SGB,I:A9V,0.86605066,-0.7847341
3SGB,I:A9W,1.2914275,-1.5536677
3SGB,I:A9Y,1.1983975,-1.6472776
3SGB,I:E13A,3.0856237,1.0192363
3SGB,I:E13C,2.382478,1.1746745
3SGB,I:E13D,1.7988926,0.55270535
3SGB,I:E13F,2.691268,1.9436082
3SGB,I:E13G,3.633012,2.1049528
3SGB,I:E13H,2.1546037,0.5260738
3SGB,I:E13I,1.6801575,-0.62338936
3SGB,I:E13K,3.4350617,0.16878061
3SGB,I:E13L,1.7891061,0.77931386
3SGB,I:E13M,2.1532054,-0.18949658
3SGB,I:E13N,2.7922363,1.1020385
3SGB,I:E13P,4.651861,2.2751536
3SGB,I:E13Q,2.1270144,0.18353121
3SGB,I:E13R,3.2500749,1.2750467
3SGB,I:E13S,3.1931133,1.9436082
3SGB,I:E13T,3.432505,2.143485
3SGB,I:E13V,1.846352,0.12754992
3SGB,I:E13W,2.4785843,1.5477023
3SGB,I:E13Y,2.6599398,0.77931386
3SGB,I:G26A,1.9427642,1.2227967
3SGB,I:G26C,2.2885032,2.611657
3SGB,I:G26D,2.4246373,1.6249894
3SGB,I:G26E,2.786493,1.972751
3SGB,I:G26F,2.423956,3.0223134
3SGB,I:G26H,2.3949382,2.7381892
3SGB,I:G26I,3.276595,4.092513
3SGB,I:G26K,3.653974,2.5250134
3SGB,I:G26L,3.0424564,2.6581476
3SGB,I:G26M,2.8052714,2.805796
3SGB,I:G26N,2.2987735,2.2751536
3SGB,I:G26P,2.4641578,1.0968642
3SGB,I:G26Q,2.8032517,2.9562988
3SGB,I:G26R,3.9302678,3.507656
3SGB,I:G26S,2.1410706,1.6076903
3SGB,I:G26T,2.7344952,3.0401776
3SGB,I:G26V,3.0968523,2.7283423
3SGB,I:G26W,2.6144402,3.912062
3SGB,I:G26Y,2.6553988,3.0961108
3SGB,I:K7A,2.053912,-2.5721407
3SGB,I:K7C,1.512515,-0.5848572
3SGB,I:K7D,2.2710862,-0.62338936
3SGB,I:K7E,2.1748307,0.032206405
3SGB,I:K7F,1.323478,-0.725558
3SGB,I:K7G,1.6442946,-0.725558
3SGB,I:K7H,1.3886845,-0.40146077
3SGB,I:K7I,1.6652709,-1.344638
3SGB,I:K7L,1.4562341,-1.8173597
3SGB,I:K7M,1.4435881,-1.1662476
3SGB,I:K7N,1.6238484,-0.6595436
3SGB,I:K7P,2.463878,0.0
3SGB,I:K7Q,1.5699378,-0.62338936
3SGB,I:K7R,1.6711564,-0.6926964
3SGB,I:K7S,1.6350178,-2.587597
3SGB,I:K7T,1.8219992,-1.9490284
3SGB,I:K7V,1.7585969,-0.9551719
3SGB,I:K7W,1.3414377,-0.013389315
3SGB,I:K7Y,1.3526548,-0.5848572
3SGB,I:L12A,2.6255584,2.9891605
3SGB,I:L12C,1.9675947,-0.013389315
3SGB,I:L12D,6.077731,5.6686587
3SGB,I:L12E,4.4591923,5.982758
3SGB,I:L12F,2.7711554,1.3740182
3SGB,I:L12G,4.782374,5.0034957
3SGB,I:L12H,3.2143528,1.7138757
3SGB,I:L12I,2.7050395,4.481256
3SGB,I:L12K,3.5853417,3.182076
3SGB,I:L12M,1.8858773,0.43018958
3SGB,I:L12N,3.4858,3.399817
3SGB,I:L12P,7.5870676,8.445845
3SGB,I:L12Q,2.7184324,2.603541
3SGB,I:L12R,4.7547536,3.3669553
3SGB,I:L12S,3.1251388,4.158235
3SGB,I:L12T,3.0861647,3.2047203
3SGB,I:L12V,2.6507611,3.0401776
3SGB,I:L12W,4.0420527,1.865208
3SGB,I:L12Y,2.7881596,1.6760064
3SGB,I:N30A,1.416101,0.33107248
3SGB,I:N30C,1.4239908,0.34970456
3SGB,I:N30D,1.6443554,0.9109825
3SGB,I:N30E,1.6138729,0.9627104
3SGB,I:N30F,1.467568,-0.1413744
3SGB,I:N30G,1.9457587,0.31183532
3SGB,I:N30H,1.5495163,-0.12480123
3SGB,I:N30I,1.9755615,0.19792347
3SGB,I:N30K,2.6974723,0.579437
3SGB,I:N30L,1.7697113,0.7407817
3SGB,I:N30M,1.5060538,0.14074539
3SGB,I:N30P,1.9459279,0.579437
3SGB,I:N30Q,1.6637639,0.24351919
3SGB,I:N30R,2.7707806,0.579437
3SGB,I:N30S,1.5794003,0.4089992
3SGB,I:N30T,1.8078941,0.009847074
3SGB,I:N30V,1.7633239,-0.24187581
3SGB,I:N30W,1.718175,0.5260738
3SGB,I:N30Y,1.7333182,-0.10867909
3SGB,I:P8A,1.1763399,-0.18949658
3SGB,I:P8C,1.051303,-0.32742262
3SGB,I:P8D,1.2564572,-1.0330986
3SGB,I:P8E,1.3650962,-0.62338936
3SGB,I:P8F,1.6104497,-0.3449348
3SGB,I:P8G,0.76427007,0.05375249
3SGB,I:P8H,1.2769436,0.27762654
3SGB,I:P8I,1.0882524,-0.023633696
3SGB,I:P8K,1.5191535,0.114053845
3SGB,I:P8L,1.1571816,-0.1413744
3SGB,I:P8M,1.0174544,-0.5005508
3SGB,I:P8N,0.9638704,-0.12480123
3SGB,I:P8Q,0.96357423,-0.31602898
3SGB,I:P8R,1.7404661,0.31183532
3SGB,I:P8S,1.0416696,0.06572162
3SGB,I:P8T,1.204988,-0.10867909
3SGB,I:P8V,1.3096043,-0.31041327
3SGB,I:P8W,1.28488,-0.5005508
3SGB,I:P8Y,1.3595666,-0.40146077
3SGB,I:R15A,1.5971292,0.05375249
3SGB,I:R15C,2.2362351,0.55270535
3SGB,I:R15D,1.6375554,0.6386131
3SGB,I:R15E,1.7856356,0.6714747
3SGB,I:R15F,1.4776143,0.2279567
3SGB,I:R15G,2.7542672,1.1071681
3SGB,I:R15H,1.3861332,0.4537338
3SGB,I:R15I,1.4654676,0.24351919
3SGB,I:R15K,1.6037129,-0.277793
3SGB,I:R15L,1.2405362,0.2279567
3SGB,I:R15M,1.1711332,0.12754992
3SGB,I:R15N,1.3924764,0.33107248
3SGB,I:R15P,5.506784,7.684476
3SGB,I:R15Q,1.5704032,0.04153655
3SGB,I:R15S,1.7381424,0.27762654
3SGB,I:R15T,1.7199658,0.4537338
3SGB,I:R15V,1.4533988,-0.023633696
3SGB,I:R15W,1.7923452,0.31183532
3SGB,I:R15Y,1.6854824,0.2939711
3SGB,I:T11A,3.350371,3.5919626
3SGB,I:T11C,1.5746138,2.9262657
3SGB,I:T11D,4.19147,4.956134
3SGB,I:T11E,3.985127,4.797141
3SGB,I:T11F,1.9271318,3.6393247
3SGB,I:T11G,3.7179677,5.584234
3SGB,I:T11H,2.337698,3.507656
3SGB,I:T11I,1.7907968,1.7529136
3SGB,I:T11K,3.1637373,2.0356457
3SGB,I:T11L,2.0580912,2.4713392
3SGB,I:T11M,2.3626068,2.0356457
3SGB,I:T11N,2.373497,3.254416
3SGB,I:T11P,4.451434,3.182076
3SGB,I:T11Q,2.917406,2.9403167
3SGB,I:T11R,3.5240698,1.972751
3SGB,I:T11S,2.5065577,2.4662097
3SGB,I:T11V,2.398583,2.547891
3SGB,I:T11W,3.113278,3.0401776
3SGB,I:T11Y,2.174781,3.3669553
3SGB,I:Y14A,4.76734,1.9436082
3SGB,I:Y14C,3.9826748,1.6952436
3SGB,I:Y14D,5.4822617,2.9118733
3SGB,I:Y14E,5.4456716,2.0356457
3SGB,I:Y14F,1.9165674,0.16878061
3SGB,I:Y14G,5.369135,2.842396
3SGB,I:Y14H,3.7436233,1.7138757
3SGB,I:Y14I,3.764637,3.5919626
3SGB,I:Y14K,5.050706,3.4329698
3SGB,I:Y14L,3.0796802,1.5761455
3SGB,I:Y14M,3.569622,2.0027843
3SGB,I:Y14N,4.5923157,3.158532
3SGB,I:Y14P,5.8360014,6.27634
3SGB,I:Y14Q,4.6870537,3.2810476
3SGB,I:Y14R,4.785426,2.7605486
3SGB,I:Y14S,4.986456,2.0356457
3SGB,I:Y14T,5.2457623,4.871827
3SGB,I:Y14V,4.1847534,4.42169
3SGB,I:Y14W,1.9635671,0.38874248
